[{"D:\\wamp\\www\\class\\lamp88\\OOP02\\3.php": "GBK"}, {"D:\\wamp\\www\\class\\lamp88\\OOP02\\2.php": "GBK"}, {"D:\\wamp\\www\\class\\lamp88\\OOP03\\db.class.php": "GBK"}, {"D:\\wamp\\www\\class\\lamp88\\OOP04\\3.php": "GBK"}, {"D:\\wamp\\www\\class\\lamp88\\OOP04\\2.php": "GBK"}, {"D:\\wamp\\www\\class\\lamp88\\OOP04\\1.php": "GBK"}, {"D:\\wamp\\www\\class\\lamp88\\OOP03\\9.php": "GBK"}, {"D:\\wamp\\www\\class\\lamp88\\OOP03\\8.php": "GBK"}, {"D:\\wamp\\www\\class\\lamp88\\OOP03\\7.php": "GBK"}, {"D:\\wamp\\www\\class\\lamp88\\OOP03\\6.php": "GBK"}, {"D:\\wamp\\www\\class\\lamp88\\OOP03\\4.php": "GBK"}, {"D:\\wamp\\www\\class\\lamp88\\OOP03\\2.php": "GBK"}, {"D:\\wamp\\www\\class\\lamp88\\OOP03\\1.php": "GBK"}, {"D:\\wamp\\www\\class\\lamp88\\OOP02\\Model.class.php": "GBK"}, {"D:\\wamp\\www\\class\\lamp88\\OOP02\\5.php": "GBK"}, {"D:\\wamp\\www\\class\\lamp88\\OOP02\\4.php": "GBK"}, {"D:\\wamp\\www\\class\\lamp88\\OOP02\\1.php": "GBK"}, {"D:\\wamp\\www\\class\\lamp88\\OOP01\\6.php": "GBK"}, {"D:\\wamp\\www\\class\\lamp88\\OOP01\\5.php": "GBK"}, {"D:\\wamp\\www\\class\\lamp88\\OOP01\\4.php": "GBK"}, {"D:\\wamp\\www\\class\\lamp88\\OOP01\\3.php": "GBK"}, {"D:\\wamp\\www\\class\\lamp88\\OOP01\\2.php": "GBK"}, {"D:\\wamp\\www\\class\\lamp88\\OOP01\\1.php": "GBK"}, {"D:\\wamp\\www\\class\\lamp88\\OOP02\\fuxi.php": "GBK"}, {"D:\\wamp\\www\\class\\lamp88\\OOP05\\Vcode.class.php": "GBK"}, {"D:\\wamp\\www\\class\\lamp88\\OOP05\\Upload.class.php": "GBK"}, {"D:\\wamp\\www\\class\\lamp88\\OOP05\\1.php": "GBK"}, {"D:\\wamp\\www\\class\\lamp88\\OOP04\\showInfo.php": "GBK"}, {"D:\\wamp\\www\\class\\lamp88\\OOP04\\Page.class.php": "GBK"}, {"D:\\wamp\\www\\class\\lamp88\\OOP04\\Model.class.php": "GBK"}, {"D:\\wamp\\www\\class\\lamp88\\OOP04\\fuxi.php": "GBK"}, {"D:\\wamp\\www\\class\\lamp88\\OOP01\\Url.class.php": "GBK"}, {"D:\\wamp\\www\\class\\pre\\lamp88\\OOP02\\Page.class.php": "GBK"}, {"D:\\wamp\\www\\class\\pre\\lamp88\\OOP02\\1.php": "GBK"}, {"D:\\wamp\\www\\class\\lamp88\\OOP06\\7.php": "GBK"}, {"D:\\wamp\\www\\class\\lamp88\\OOP06\\8.php": "GBK"}, {"D:\\wamp\\www\\class\\lamp88\\OOP06\\9.php": "GBK"}, {"D:\\wamp\\www\\class\\lamp88\\OOP06\\upload.html": "GBK"}, {"D:\\wamp\\www\\class\\lamp88\\OOP06\\6.php": "GBK"}, {"D:\\wamp\\www\\class\\lamp88\\OOP06\\4.php": "GBK"}, {"D:\\wamp\\www\\class\\lamp88\\OOP06\\3.php": "GBK"}, {"D:\\wamp\\www\\class\\lamp88\\OOP06\\2.php": "GBK"}, {"D:\\wamp\\www\\class\\lamp88\\OOP06\\1.php": "GBK"}, {"D:\\wamp\\www\\class\\lamp88\\OOP05\\upload.html": "GBK"}, {"D:\\wamp\\www\\class\\lamp88\\OOP05\\showInfo.php": "GBK"}, {"D:\\wamp\\www\\class\\lamp88\\OOP05\\Page.class.php": "GBK"}, {"D:\\wamp\\www\\class\\lamp88\\OOP05\\Model.class.php": "GBK"}, {"D:\\wamp\\www\\class\\lamp88\\OOP05\\7.php": "GBK"}, {"D:\\wamp\\www\\class\\lamp88\\OOP05\\5.php": "GBK"}, {"D:\\wamp\\www\\class\\lamp88\\OOP05\\3.php": "GBK"}, {"D:\\wamp\\www\\class\\lamp88\\OOP05\\2.php": "GBK"}, {"D:\\wamp\\www\\class\\lamp88\\OOP03\\Person.class.php.bak": "GBK"}, {"D:\\wamp\\www\\class\\lamp88\\OOP03\\Person.class.php": "GBK"}, {"D:\\wamp\\www\\class\\lamp88\\OOP03\\fuxi.php": "GBK"}, {"D:\\wamp\\www\\test\\cons.txt": "GBK"}, {"D:\\wamp\\www\\class\\lamp88\\OOP02\\testRecord.txt": "GBK"}, {"D:\\wamp\\www\\class\\lamp88\\OOP01\\6.php.bak": "GBK"}, {"D:\\wamp\\www\\class\\lamp88\\Curl\\url.php": "GBK"}, {"H:\\javascript --\u5cb3\u82f1\u4fca\\38.eg.html": "GBK"}, {"H:\\html-5\\2.html": "GBK"}, {"H:\\html-5\\1.html": "GBK"}, {"F:\\download\\life\\2.html": "GBK"}, {"F:\\download\\life\\1.html": "GBK"}, {"D:\\wwwroot\\baile\\index.html": "GBK"}, {"D:\\wwwroot\\nsyy\\index.php": "GBK"}]